{"_wandb":{"runtime":143},"_step":0,"train_alpha":[733.4481444899138,1965.1243407310526,3753.539136946508],"inv_train_alpha":[1567.9961322295453,3585.681441425144,6788.752087082758],"test_alpha":[829.7923358626158,2134.8089599338446,4083.1812917336174],"inv_test_alpha":[1242.3290283501392,2816.0791983489335,5364.5787910689505],"_timestamp":1.7482741216667526e+09,"_runtime":142.972749177}