{"_runtime":75.79092357,"_step":0,"train_alpha":[790.5435762222014,1908.507102584109,3714.2641448589134],"inv_train_alpha":[1271.3669777012897,2865.0840531997856,5289.473611539379],"test_alpha":[785.0406597338359,2023.9825734063368,3783.6923180292897],"inv_test_alpha":[1284.9551666997877,2898.4735811028395,5215.917105139174],"_wandb":{"runtime":75},"_timestamp":1.7482778529646902e+09}