{"_step":0,"_wandb":{"runtime":76},"train_alpha":[2524.685278783665,3496.970569194094,4944.53797547988],"inv_train_alpha":[1451.2911563548828,2739.4163472732703,4807.373825432809],"test_alpha":[2150.876191313055,3232.326969582383,4696.615966975494],"inv_test_alpha":[1358.2364966660193,2450.0905959338074,4188.47453305505],"_timestamp":1.7482788494475346e+09,"_runtime":76.945199094}