{"_runtime":76.548094709,"_step":0,"train_alpha":[792.7262831426207,2075.603257677371,3942.743850247091],"inv_train_alpha":[1247.5269610858586,2820.7471019112763,5206.08846969311],"test_alpha":[802.9096472066835,2111.950495184462,4081.7403309354418],"_wandb":{"runtime":76},"inv_test_alpha":[1149.7218280945403,2493.4185027869735,4471.360402952366],"_timestamp":1.7482738863156934e+09}