{"inv_train_alpha":[1333.9063816646078,3022.3275791899664,5747.9988312863],"test_alpha":[771.8372424971211,1979.8686575869538,3839.886686317593],"inv_test_alpha":[1280.2764215311126,2875.4713840214063,5473.715707746989],"_timestamp":1.7482747585032504e+09,"_runtime":144.487746476,"_wandb":{"runtime":144},"_step":0,"train_alpha":[727.0717493890633,1920.0303142780522,3863.277879153111]}