{"_timestamp":1.7482786151292095e+09,"_runtime":77.528012589,"_step":0,"_wandb":{"runtime":77},"train_alpha":[655.0619094346341,1846.664257004526,3713.1440920305],"inv_train_alpha":[1146.3498944186736,2722.23039563508,5527.026403740927],"test_alpha":[720.8391088917782,1942.6422638172883,3810.115017640189],"inv_test_alpha":[1097.0089509806126,2647.570819771952,4948.814559510157]}