{"_step":0,"train_alpha":[688.0752553556761,1861.562136151062,3624.4426955077633],"inv_train_alpha":[1054.7607775680565,2442.9579443909324,4830.508394866354],"test_alpha":[686.8875143663819,1914.4422711029276,3775.1008375173787],"inv_test_alpha":[1035.4374778550111,2411.3692020780504,4701.6119827523435],"_wandb":{"runtime":76},"_timestamp":1.7482734869479148e+09,"_runtime":76.709691653}