{"inv_train_alpha":[1158.4797724199486,2618.3464937619938,5133.609602841792],"test_alpha":[946.2520179931739,2302.028066346024,4230.467944657605],"_wandb":{"runtime":76},"inv_test_alpha":[1149.6001283390972,2394.60633982218,4246.680773956761],"_timestamp":1.7482752378105266e+09,"_runtime":76.666979875,"_step":0,"train_alpha":[853.0561128002068,2174.7354813763345,4200.752751366879]}