{"_runtime":78.466738609,"_wandb":{"runtime":78},"_step":0,"train_alpha":[691.3733144907967,1857.3805490440402,3614.8348784958616],"inv_train_alpha":[1041.597243746091,2452.612005573571,4755.499404753204],"test_alpha":[687.1043814736367,1864.2933623370745,3696.0137607563383],"inv_test_alpha":[1018.5351595780445,2408.1740363346325,4685.604297540429],"_timestamp":1.7482736230541534e+09}